{
    "path_num": 64.0,
    "time_s": 253.61032281603133,
    "param_num": 1792.0,
    "mse_score": 0.005981370891647099,
    "ssim_score": 0.8124969230263611,
    "psnr_score": 20.383472064675004,
    "lpips_score": 0.2044359062399183
}