{
    "path_num": 39.0,
    "time_s": 44.92961149533589,
    "param_num": 2014.0,
    "mse_score": 0.000325310045765651,
    "ssim_score": 0.9904611700907867,
    "psnr_score": 35.89740112350852,
    "lpips_score": 0.0038513633514715667
}