{
    "path_num": 64.0,
    "time_s": 232.35703797340392,
    "param_num": 1792.0,
    "mse_score": 0.0005001916236393453,
    "ssim_score": 0.9631766144028339,
    "psnr_score": 32.06193035952022,
    "lpips_score": 0.06033843867480755
}