{
    "path_num": 256.0,
    "time_s": 253.51700587272643,
    "param_num": 7168.0,
    "mse_score": 0.0002186214999939927,
    "ssim_score": 0.9803556603001002,
    "psnr_score": 35.80684271019429,
    "lpips_score": 0.04076212160289287
}