{
    "path_num": 256.0,
    "time_s": 2143.23273973465,
    "param_num": 9216.0,
    "mse_score": 0.0002309128212406286,
    "ssim_score": 0.9838401279630313,
    "psnr_score": 37.07138134839081,
    "lpips_score": 0.03157700859010219
}