{
    "path_num": 64.0,
    "time_s": 16919.09250005086,
    "param_num": 2304.0,
    "mse_score": 0.035760772834141315,
    "ssim_score": 0.7570083944093708,
    "psnr_score": 13.542648689533001,
    "lpips_score": 0.28845781087875366
}