{
    "path_num": 256.0,
    "time_s": 7239.511413846697,
    "param_num": 9216.0,
    "mse_score": 0.0005729925960503687,
    "ssim_score": 0.9337219211826052,
    "psnr_score": 29.913352487026405,
    "lpips_score": 0.027821227109857967
}