{
    "path_num": 64.0,
    "time_s": 6783.023793029785,
    "param_num": 2304.0,
    "mse_score": 0.0010677742728908352,
    "ssim_score": 0.9649812353424869,
    "psnr_score": 31.819894690050603,
    "lpips_score": 0.06424222961068153
}