{
    "path_num": 26.8,
    "time_s": 50.50099487304688,
    "param_num": 1012.8,
    "mse_score": 0.00047362497484441067,
    "ssim_score": 0.9717916860837512,
    "psnr_score": 33.283332252700944,
    "lpips_score": 0.04493652693927288
}