{
    "path_num": 256.0,
    "time_s": 1819.8456481933595,
    "param_num": 9216.0,
    "mse_score": 0.0010628601097684785,
    "ssim_score": 0.9147288297718659,
    "psnr_score": 29.34158736715049,
    "lpips_score": 0.13633738458156586
}