{
    "path_num": 64.0,
    "time_s": 176.35164222717285,
    "param_num": 1792.0,
    "mse_score": 0.004079227387378052,
    "ssim_score": 0.9289726790150676,
    "psnr_score": 23.592343600767844,
    "lpips_score": 0.09970982596278191
}