{
    "path_num": 256.0,
    "time_s": 269.73887209892274,
    "param_num": 7168.0,
    "mse_score": 0.000864008243398973,
    "ssim_score": 0.9660431239696508,
    "psnr_score": 29.746587862364766,
    "lpips_score": 0.027881567118068537
}