{
    "path_num": 256.0,
    "time_s": 6452.496091093336,
    "param_num": 9216.0,
    "mse_score": 0.01466967399321861,
    "ssim_score": 0.8403335592013931,
    "psnr_score": 18.488385081886957,
    "lpips_score": 0.17353597709110805
}