{
    "path_num": 64.0,
    "time_s": 19731.943432569504,
    "param_num": 2304.0,
    "mse_score": 0.0031864117078867905,
    "ssim_score": 0.8259479569756848,
    "psnr_score": 23.28472996032929,
    "lpips_score": 0.14099437495072684
}