{
    "path_num": 64.0,
    "time_s": 7836.9076210975645,
    "param_num": 2304.0,
    "mse_score": 0.0015787531857488705,
    "ssim_score": 0.9363503828069929,
    "psnr_score": 28.726233092084293,
    "lpips_score": 0.10414282828569413
}