{
    "path_num": 215.71428571428572,
    "time_s": 164.21724130766734,
    "param_num": 8602.285714285714,
    "mse_score": 0.0010287306127644072,
    "ssim_score": 0.9234851185381816,
    "psnr_score": 28.053886407986226,
    "lpips_score": 0.050414579787424633
}