{
    "path_num": 256.0,
    "time_s": 5051.489615607262,
    "param_num": 9216.0,
    "mse_score": 0.0019253117415777587,
    "ssim_score": 0.9504847346257284,
    "psnr_score": 26.41967532399301,
    "lpips_score": 0.04880136353895068
}