{
    "path_num": 256.0,
    "time_s": 256.75310826301575,
    "param_num": 7168.0,
    "mse_score": 0.001742363937762605,
    "ssim_score": 0.8823288203633294,
    "psnr_score": 25.133407754629456,
    "lpips_score": 0.0850403942167759
}