{
    "path_num": 256.0,
    "time_s": 4606.931977457471,
    "param_num": 9216.0,
    "mse_score": 0.00023115911031147218,
    "ssim_score": 0.9789161901984372,
    "psnr_score": 34.53900326212067,
    "lpips_score": 0.007178669588433372
}